index,lang_id
1,xho
2,xho
3,zul
4,ssw
5,ssw
6,nso
7,nbl
8,nbl
9,zul
10,nbl
11,nbl
12,nbl
13,nbl
14,sot
15,tso
16,nbl
17,nbl
18,xho
19,afr
20,nbl
21,nbl
22,ssw
23,nbl
24,nbl
25,nbl
26,zul
27,xho
28,afr
29,nso
30,tso
31,xho
32,xho
33,sot
34,nso
35,xho
36,afr
37,nso
38,xho
39,sot
40,eng
41,nbl
42,ssw
43,ssw
44,nbl
45,zul
46,nbl
47,zul
48,ven
49,nbl
50,nbl
51,sot
52,nbl
53,sot
54,sot
55,ssw
56,ven
57,nbl
58,xho
59,ssw
60,sot
61,afr
62,tso
63,afr
64,zul
65,xho
66,ssw
67,sot
68,nso
69,nbl
70,nbl
71,zul
72,tso
73,nbl
74,nso
75,xho
76,nbl
77,nbl
78,tso
79,xho
80,ssw
81,xho
82,nbl
83,xho
84,nbl
85,xho
86,nso
87,sot
88,zul
89,tso
90,xho
91,ssw
92,xho
93,zul
94,sot
95,xho
96,nso
97,xho
98,ssw
99,ven
100,nbl
101,nbl
102,tso
103,nso
104,ssw
105,ven
106,ven
107,ssw
108,nso
109,sot
110,sot
111,nbl
112,zul
113,xho
114,xho
115,zul
116,sot
117,afr
118,nbl
119,nbl
120,nbl
121,sot
122,eng
123,nbl
124,tso
125,nso
126,afr
127,nbl
128,ssw
129,nbl
130,nbl
131,tso
132,ssw
133,zul
134,sot
135,nbl
136,nbl
137,xho
138,sot
139,nbl
140,afr
141,sot
142,ssw
143,nbl
144,nso
145,nbl
146,xho
147,nbl
148,sot
149,xho
150,nbl
151,nso
152,xho
153,xho
154,nbl
155,xho
156,ssw
157,zul
158,nbl
159,eng
160,sot
161,zul
162,tso
163,nbl
164,xho
165,xho
166,sot
167,nbl
168,zul
169,eng
170,nbl
171,zul
172,nbl
173,zul
174,afr
175,ssw
176,nso
177,afr
178,zul
179,tso
180,xho
181,nbl
182,nso
183,ssw
184,zul
185,sot
186,sot
187,zul
188,ssw
189,zul
190,nbl
191,nbl
192,tso
193,sot
194,ssw
195,zul
196,ssw
197,sot
198,nbl
199,zul
200,nbl
201,nbl
202,ssw
203,nbl
204,nbl
205,nbl
206,nbl
207,ssw
208,ven
209,tsn
210,xho
211,zul
212,tso
213,afr
214,nbl
215,ven
216,afr
217,nbl
218,nbl
219,afr
220,eng
221,ssw
222,ven
223,afr
224,eng
225,ssw
226,xho
227,xho
228,eng
229,zul
230,nso
231,xho
232,ven
233,ven
234,sot
235,xho
236,xho
237,sot
238,tso
239,sot
240,nso
241,ssw
242,nbl
243,nbl
244,nbl
245,zul
246,nbl
247,xho
248,nso
249,nbl
250,nbl
251,ssw
252,sot
253,sot
254,afr
255,nbl
256,ssw
257,nso
258,nbl
259,xho
260,ssw
261,zul
262,xho
263,nbl
264,sot
265,nbl
266,xho
267,nbl
268,ssw
269,zul
270,afr
271,nso
272,afr
273,ssw
274,nso
275,xho
276,sot
277,nbl
278,xho
279,sot
280,nbl
281,xho
282,nso
283,zul
284,nbl
285,eng
286,ssw
287,nbl
288,zul
289,xho
290,sot
291,nso
292,nso
293,tso
294,nbl
295,nbl
296,xho
297,nbl
298,zul
299,zul
300,sot
301,zul
302,afr
303,ssw
304,nbl
305,nbl
306,eng
307,nso
308,sot
309,ven
310,xho
311,ssw
312,zul
313,ssw
314,xho
315,zul
316,nbl
317,afr
318,nbl
319,ssw
320,xho
321,xho
322,xho
323,sot
324,nso
325,xho
326,afr
327,xho
328,nbl
329,ven
330,afr
331,nbl
332,xho
333,ssw
334,ssw
335,sot
336,afr
337,afr
338,xho
339,tso
340,sot
341,nso
342,ssw
343,xho
344,ven
345,ssw
346,nbl
347,nbl
348,nbl
349,nbl
350,ssw
351,ssw
352,afr
353,nso
354,nso
355,nbl
356,ssw
357,xho
358,nso
359,nbl
360,zul
361,afr
362,nbl
363,xho
364,tso
365,tso
366,nbl
367,zul
368,xho
369,nbl
370,afr
371,nbl
372,afr
373,nbl
374,xho
375,nbl
376,zul
377,nso
378,zul
379,nso
380,nso
381,zul
382,nbl
383,nbl
384,nbl
385,afr
386,nbl
387,nbl
388,sot
389,zul
390,sot
391,ssw
392,afr
393,zul
394,nso
395,nbl
396,nso
397,xho
398,sot
399,afr
400,zul
401,sot
402,ssw
403,nso
404,tsn
405,eng
406,nso
407,eng
408,nbl
409,nbl
410,ssw
411,ssw
412,xho
413,zul
414,nso
415,xho
416,nbl
417,nbl
418,nbl
419,tso
420,tso
421,nbl
422,ven
423,nbl
424,nbl
425,nbl
426,afr
427,sot
428,nbl
429,ssw
430,zul
431,nso
432,xho
433,nbl
434,xho
435,ssw
436,nbl
437,xho
438,ssw
439,xho
440,xho
441,nso
442,xho
443,sot
444,nbl
445,nbl
446,zul
447,tso
448,zul
449,nbl
450,nbl
451,xho
452,nbl
453,ven
454,eng
455,nbl
456,ven
457,nbl
458,nbl
459,sot
460,ssw
461,ssw
462,xho
463,nbl
464,sot
465,ven
466,xho
467,ssw
468,nbl
469,zul
470,nbl
471,zul
472,xho
473,nbl
474,afr
475,nso
476,ssw
477,xho
478,nso
479,sot
480,ssw
481,zul
482,zul
483,afr
484,zul
485,nbl
486,zul
487,eng
488,ven
489,nso
490,nso
491,nso
492,nbl
493,xho
494,ven
495,nso
496,nbl
497,nbl
498,zul
499,zul
500,ven
501,nbl
502,zul
503,nbl
504,xho
505,xho
506,ssw
507,xho
508,sot
509,afr
510,ssw
511,afr
512,nbl
513,nbl
514,nbl
515,zul
516,zul
517,nbl
518,nbl
519,tso
520,ven
521,xho
522,xho
523,zul
524,nbl
525,ssw
526,xho
527,ssw
528,xho
529,sot
530,nbl
531,nso
532,xho
533,nbl
534,ssw
535,ssw
536,tso
537,nbl
538,nbl
539,ven
540,ssw
541,nbl
542,zul
543,ssw
544,xho
545,ssw
546,tso
547,xho
548,eng
549,nbl
550,ssw
551,nbl
552,eng
553,zul
554,xho
555,ven
556,nbl
557,nbl
558,nbl
559,nbl
560,nbl
561,xho
562,xho
563,afr
564,zul
565,ssw
566,xho
567,nbl
568,nbl
569,nbl
570,ssw
571,nbl
572,nbl
573,sot
574,xho
575,nbl
576,nbl
577,nbl
578,nbl
579,afr
580,ssw
581,xho
582,sot
583,xho
584,nbl
585,afr
586,ven
587,eng
588,eng
589,afr
590,nbl
591,xho
592,tsn
593,nbl
594,afr
595,nbl
596,ssw
597,ssw
598,ven
599,ven
600,afr
601,ssw
602,afr
603,nso
604,nso
605,zul
606,xho
607,nbl
608,afr
609,xho
610,ven
611,ssw
612,sot
613,ssw
614,ssw
615,afr
616,zul
617,nbl
618,zul
619,xho
620,tso
621,tso
622,zul
623,xho
624,ssw
625,tsn
626,zul
627,xho
628,xho
629,ven
630,xho
631,zul
632,xho
633,zul
634,sot
635,afr
636,xho
637,nbl
638,nbl
639,sot
640,nbl
641,zul
642,tso
643,tsn
644,tso
645,zul
646,afr
647,nbl
648,xho
649,tso
650,sot
651,ssw
652,ssw
653,zul
654,nso
655,ssw
656,afr
657,sot
658,sot
659,sot
660,ssw
661,xho
662,ssw
663,tsn
664,tso
665,ven
666,nbl
667,sot
668,xho
669,sot
670,zul
671,nso
672,afr
673,xho
674,nbl
675,nbl
676,nbl
677,afr
678,afr
679,nbl
680,nso
681,xho
682,xho
683,ssw
684,nbl
685,sot
686,nbl
687,nbl
688,xho
689,ssw
690,xho
691,eng
692,afr
693,tsn
694,afr
695,ssw
696,zul
697,tso
698,nso
699,nbl
700,xho
701,sot
702,tso
703,xho
704,ssw
705,sot
706,nbl
707,xho
708,nbl
709,nbl
710,nso
711,sot
712,xho
713,ssw
714,tso
715,zul
716,sot
717,nbl
718,tso
719,nbl
720,eng
721,zul
722,afr
723,nbl
724,nbl
725,nbl
726,xho
727,nbl
728,nbl
729,sot
730,xho
731,xho
732,sot
733,sot
734,xho
735,eng
736,afr
737,ssw
738,eng
739,afr
740,nbl
741,nbl
742,sot
743,ssw
744,nbl
745,eng
746,nbl
747,ssw
748,tso
749,xho
750,zul
751,zul
752,afr
753,nbl
754,nbl
755,eng
756,tsn
757,nbl
758,tso
759,tso
760,ssw
761,afr
762,nbl
763,nso
764,nbl
765,xho
766,xho
767,nso
768,nso
769,sot
770,xho
771,eng
772,nbl
773,ssw
774,afr
775,eng
776,nbl
777,nbl
778,ssw
779,afr
780,nbl
781,xho
782,zul
783,nbl
784,nso
785,sot
786,afr
787,xho
788,nbl
789,nso
790,tso
791,zul
792,nbl
793,nbl
794,tso
795,eng
796,ssw
797,nbl
798,nbl
799,nbl
800,ssw
801,ssw
802,xho
803,tsn
804,nso
805,nbl
806,tso
807,xho
808,nbl
809,nbl
810,xho
811,eng
812,nso
813,zul
814,ssw
815,nbl
816,tsn
817,nbl
818,nbl
819,afr
820,nbl
821,afr
822,xho
823,nso
824,nbl
825,nbl
826,sot
827,ssw
828,nso
829,xho
830,ssw
831,nbl
832,nbl
833,ssw
834,ssw
835,eng
836,nbl
837,ssw
838,afr
839,nbl
840,nso
841,xho
842,ven
843,ssw
844,xho
845,nbl
846,nbl
847,ssw
848,nbl
849,sot
850,nbl
851,nbl
852,zul
853,ssw
854,nbl
855,xho
856,sot
857,afr
858,nbl
859,xho
860,afr
861,nbl
862,nbl
863,xho
864,xho
865,xho
866,nbl
867,ssw
868,afr
869,nso
870,ven
871,nbl
872,nbl
873,ssw
874,nbl
875,nso
876,sot
877,nbl
878,ssw
879,ssw
880,ssw
881,xho
882,xho
883,ven
884,nbl
885,xho
886,zul
887,nbl
888,nso
889,ssw
890,nbl
891,sot
892,xho
893,tso
894,nbl
895,ssw
896,sot
897,ven
898,zul
899,eng
900,nbl
901,zul
902,xho
903,nbl
904,xho
905,sot
906,nbl
907,xho
908,xho
909,xho
910,ven
911,nbl
912,nbl
913,xho
914,nso
915,nso
916,nbl
917,ven
918,ssw
919,tsn
920,zul
921,sot
922,nbl
923,nbl
924,afr
925,sot
926,nbl
927,sot
928,xho
929,afr
930,xho
931,nbl
932,tso
933,ssw
934,nbl
935,nbl
936,nbl
937,nbl
938,nbl
939,ssw
940,tso
941,xho
942,nbl
943,tso
944,nbl
945,nso
946,afr
947,ven
948,nso
949,nbl
950,ssw
951,zul
952,nbl
953,sot
954,zul
955,eng
956,sot
957,xho
958,ssw
959,ven
960,ssw
961,nso
962,tso
963,ssw
964,tso
965,afr
966,tsn
967,afr
968,tso
969,zul
970,nbl
971,ssw
972,ssw
973,tsn
974,xho
975,sot
976,nbl
977,tsn
978,ssw
979,nbl
980,zul
981,nbl
982,xho
983,afr
984,nbl
985,xho
986,ssw
987,ven
988,ssw
989,afr
990,nbl
991,nbl
992,xho
993,zul
994,xho
995,afr
996,nbl
997,nso
998,afr
999,ssw
1000,nbl
1001,nbl
1002,nbl
1003,xho
1004,sot
1005,afr
1006,xho
1007,sot
1008,xho
1009,zul
1010,xho
1011,nbl
1012,xho
1013,nbl
1014,xho
1015,xho
1016,nbl
1017,sot
1018,afr
1019,xho
1020,ssw
1021,zul
1022,nbl
1023,zul
1024,tso
1025,nbl
1026,afr
1027,sot
1028,xho
1029,ssw
1030,nbl
1031,xho
1032,sot
1033,nbl
1034,tso
1035,nbl
1036,nso
1037,nbl
1038,nso
1039,nso
1040,afr
1041,tso
1042,xho
1043,zul
1044,nso
1045,tso
1046,afr
1047,xho
1048,xho
1049,sot
1050,ssw
1051,zul
1052,nso
1053,nso
1054,xho
1055,nso
1056,eng
1057,sot
1058,sot
1059,xho
1060,zul
1061,eng
1062,nbl
1063,nbl
1064,tsn
1065,ssw
1066,nbl
1067,ssw
1068,nbl
1069,nbl
1070,nbl
1071,xho
1072,sot
1073,tso
1074,eng
1075,nbl
1076,sot
1077,nbl
1078,xho
1079,ssw
1080,sot
1081,ssw
1082,xho
1083,nbl
1084,nbl
1085,zul
1086,sot
1087,xho
1088,nbl
1089,nso
1090,xho
1091,tso
1092,nbl
1093,ssw
1094,tso
1095,zul
1096,xho
1097,ssw
1098,ssw
1099,ssw
1100,nbl
1101,xho
1102,zul
1103,zul
1104,sot
1105,nso
1106,xho
1107,nbl
1108,nso
1109,nbl
1110,nbl
1111,xho
1112,nbl
1113,nbl
1114,nbl
1115,afr
1116,afr
1117,afr
1118,nbl
1119,nbl
1120,ven
1121,nso
1122,xho
1123,nso
1124,nbl
1125,xho
1126,nbl
1127,nbl
1128,tso
1129,afr
1130,tso
1131,sot
1132,xho
1133,xho
1134,nbl
1135,ssw
1136,xho
1137,nbl
1138,zul
1139,xho
1140,eng
1141,tso
1142,afr
1143,zul
1144,nbl
1145,nbl
1146,xho
1147,ven
1148,nbl
1149,nso
1150,nbl
1151,ssw
1152,xho
1153,nso
1154,nbl
1155,ssw
1156,xho
1157,sot
1158,nso
1159,xho
1160,xho
1161,sot
1162,ssw
1163,xho
1164,tso
1165,eng
1166,ssw
1167,xho
1168,nbl
1169,nbl
1170,xho
1171,xho
1172,zul
1173,nbl
1174,nbl
1175,eng
1176,ssw
1177,nso
1178,nbl
1179,eng
1180,xho
1181,xho
1182,nso
1183,nso
1184,nso
1185,xho
1186,afr
1187,nbl
1188,nbl
1189,nso
1190,nso
1191,nso
1192,ven
1193,eng
1194,xho
1195,nso
1196,xho
1197,zul
1198,sot
1199,zul
1200,nbl
1201,tso
1202,ssw
1203,nso
1204,xho
1205,nbl
1206,afr
1207,nbl
1208,nbl
1209,nso
1210,nbl
1211,zul
1212,nso
1213,xho
1214,nbl
1215,eng
1216,nbl
1217,afr
1218,ssw
1219,ssw
1220,afr
1221,tso
1222,nso
1223,afr
1224,zul
1225,nbl
1226,zul
1227,nbl
1228,nbl
1229,eng
1230,nbl
1231,xho
1232,ssw
1233,nbl
1234,sot
1235,sot
1236,ven
1237,xho
1238,ssw
1239,nbl
1240,sot
1241,ssw
1242,ssw
1243,zul
1244,xho
1245,ssw
1246,sot
1247,eng
1248,sot
1249,nbl
1250,nso
1251,nbl
1252,zul
1253,nso
1254,ssw
1255,nso
1256,ven
1257,nso
1258,sot
1259,ssw
1260,nbl
1261,nbl
1262,nbl
1263,nbl
1264,nbl
1265,afr
1266,nbl
1267,tso
1268,nso
1269,nbl
1270,nbl
1271,nbl
1272,xho
1273,ssw
1274,zul
1275,ssw
1276,nbl
1277,nbl
1278,nbl
1279,eng
1280,tso
1281,xho
1282,eng
1283,nbl
1284,xho
1285,nbl
1286,nbl
1287,nso
1288,nbl
1289,sot
1290,xho
1291,afr
1292,afr
1293,nbl
1294,ven
1295,afr
1296,xho
1297,xho
1298,sot
1299,nbl
1300,nso
1301,nbl
1302,ssw
1303,nbl
1304,xho
1305,sot
1306,nbl
1307,afr
1308,ssw
1309,afr
1310,sot
1311,zul
1312,nbl
1313,nso
1314,nbl
1315,tso
1316,nbl
1317,nbl
1318,nbl
1319,tsn
1320,sot
1321,afr
1322,nbl
1323,ssw
1324,ven
1325,sot
1326,afr
1327,xho
1328,tso
1329,sot
1330,nbl
1331,ssw
1332,zul
1333,tso
1334,nbl
1335,nbl
1336,ssw
1337,xho
1338,nbl
1339,afr
1340,nso
1341,nbl
1342,sot
1343,nso
1344,tsn
1345,ssw
1346,ssw
1347,zul
1348,nbl
1349,tsn
1350,nbl
1351,tso
1352,xho
1353,sot
1354,nbl
1355,ssw
1356,xho
1357,xho
1358,ssw
1359,zul
1360,xho
1361,xho
1362,xho
1363,nbl
1364,afr
1365,sot
1366,ven
1367,nso
1368,tsn
1369,xho
1370,nbl
1371,eng
1372,ven
1373,xho
1374,zul
1375,nbl
1376,ssw
1377,zul
1378,tsn
1379,sot
1380,zul
1381,zul
1382,xho
1383,ven
1384,nbl
1385,nbl
1386,xho
1387,ven
1388,ven
1389,nbl
1390,afr
1391,ssw
1392,afr
1393,ssw
1394,tso
1395,nso
1396,nbl
1397,xho
1398,ssw
1399,nbl
1400,xho
1401,zul
1402,nso
1403,nbl
1404,afr
1405,nbl
1406,nso
1407,sot
1408,ssw
1409,tso
1410,xho
1411,zul
1412,nbl
1413,ssw
1414,sot
1415,afr
1416,tso
1417,nso
1418,nso
1419,zul
1420,nbl
1421,nbl
1422,nbl
1423,afr
1424,ssw
1425,ven
1426,xho
1427,tsn
1428,ven
1429,nso
1430,nbl
1431,afr
1432,nbl
1433,tso
1434,nbl
1435,tso
1436,ssw
1437,nbl
1438,nbl
1439,nbl
1440,tsn
1441,zul
1442,zul
1443,ssw
1444,nso
1445,nbl
1446,afr
1447,ssw
1448,sot
1449,nbl
1450,xho
1451,ven
1452,xho
1453,nbl
1454,ssw
1455,nso
1456,xho
1457,nbl
1458,ven
1459,afr
1460,xho
1461,xho
1462,nbl
1463,zul
1464,xho
1465,ssw
1466,ssw
1467,afr
1468,nbl
1469,nbl
1470,ssw
1471,nbl
1472,afr
1473,zul
1474,nbl
1475,zul
1476,sot
1477,tsn
1478,ven
1479,xho
1480,zul
1481,afr
1482,afr
1483,afr
1484,nbl
1485,ssw
1486,sot
1487,tso
1488,nbl
1489,afr
1490,ssw
1491,xho
1492,ssw
1493,nbl
1494,xho
1495,ven
1496,xho
1497,sot
1498,afr
1499,nbl
1500,ven
1501,eng
1502,ssw
1503,ssw
1504,xho
1505,ssw
1506,ven
1507,ssw
1508,nbl
1509,nbl
1510,tsn
1511,ssw
1512,zul
1513,ssw
1514,nbl
1515,ssw
1516,xho
1517,xho
1518,tsn
1519,ssw
1520,sot
1521,nbl
1522,sot
1523,xho
1524,eng
1525,tso
1526,sot
1527,zul
1528,nbl
1529,eng
1530,afr
1531,ssw
1532,ssw
1533,nbl
1534,sot
1535,ven
1536,ssw
1537,nso
1538,afr
1539,tso
1540,ssw
1541,nbl
1542,nbl
1543,xho
1544,zul
1545,nbl
1546,xho
1547,afr
1548,nbl
1549,ssw
1550,ven
1551,sot
1552,eng
1553,ven
1554,sot
1555,ven
1556,xho
1557,xho
1558,zul
1559,nbl
1560,xho
1561,nbl
1562,ssw
1563,ven
1564,nbl
1565,ven
1566,ssw
1567,tso
1568,ssw
1569,nso
1570,xho
1571,nbl
1572,nbl
1573,xho
1574,nbl
1575,ven
1576,nbl
1577,xho
1578,nbl
1579,xho
1580,zul
1581,eng
1582,nso
1583,ssw
1584,zul
1585,ssw
1586,zul
1587,xho
1588,ssw
1589,zul
1590,sot
1591,xho
1592,nso
1593,tsn
1594,xho
1595,ssw
1596,ssw
1597,nbl
1598,zul
1599,ssw
1600,zul
1601,ssw
1602,ssw
1603,zul
1604,xho
1605,nbl
1606,ssw
1607,ssw
1608,zul
1609,ssw
1610,zul
1611,nbl
1612,zul
1613,tsn
1614,nbl
1615,tsn
1616,sot
1617,tso
1618,zul
1619,zul
1620,nbl
1621,nso
1622,xho
1623,zul
1624,zul
1625,zul
1626,nbl
1627,zul
1628,ssw
1629,afr
1630,xho
1631,eng
1632,xho
1633,nbl
1634,xho
1635,nbl
1636,zul
1637,ven
1638,zul
1639,sot
1640,afr
1641,nbl
1642,tso
1643,eng
1644,afr
1645,xho
1646,tso
1647,nso
1648,nbl
1649,xho
1650,ssw
1651,tso
1652,nso
1653,xho
1654,nso
1655,xho
1656,xho
1657,tso
1658,afr
1659,nbl
1660,xho
1661,tso
1662,afr
1663,nbl
1664,sot
1665,nbl
1666,xho
1667,afr
1668,xho
1669,nso
1670,sot
1671,afr
1672,xho
1673,ssw
1674,xho
1675,xho
1676,zul
1677,afr
1678,nbl
1679,nbl
1680,nbl
1681,tso
1682,sot
1683,afr
1684,xho
1685,xho
1686,sot
1687,ven
1688,nbl
1689,afr
1690,zul
1691,afr
1692,zul
1693,ssw
1694,sot
1695,sot
1696,afr
1697,nbl
1698,nbl
1699,xho
1700,nbl
1701,xho
1702,ven
1703,xho
1704,xho
1705,nso
1706,nbl
1707,sot
1708,zul
1709,nbl
1710,afr
1711,ssw
1712,afr
1713,nbl
1714,nbl
1715,zul
1716,zul
1717,nbl
1718,nbl
1719,zul
1720,zul
1721,xho
1722,nbl
1723,tsn
1724,ven
1725,sot
1726,ssw
1727,nso
1728,nbl
1729,nbl
1730,nbl
1731,ven
1732,afr
1733,eng
1734,xho
1735,xho
1736,xho
1737,xho
1738,xho
1739,nbl
1740,ssw
1741,nbl
1742,nbl
1743,zul
1744,ssw
1745,sot
1746,nbl
1747,sot
1748,ssw
1749,xho
1750,nso
1751,nbl
1752,zul
1753,xho
1754,afr
1755,nbl
1756,ssw
1757,ven
1758,tso
1759,afr
1760,nso
1761,ssw
1762,xho
1763,xho
1764,nbl
1765,nbl
1766,xho
1767,afr
1768,nbl
1769,xho
1770,zul
1771,zul
1772,sot
1773,ven
1774,nbl
1775,ssw
1776,tso
1777,ven
1778,tso
1779,nbl
1780,nbl
1781,tso
1782,ven
1783,nbl
1784,nso
1785,tso
1786,nbl
1787,nbl
1788,xho
1789,nbl
1790,zul
1791,xho
1792,ssw
1793,nbl
1794,nbl
1795,ssw
1796,ssw
1797,xho
1798,nbl
1799,nbl
1800,eng
1801,zul
1802,xho
1803,nso
1804,sot
1805,sot
1806,xho
1807,ven
1808,nbl
1809,nbl
1810,ven
1811,nbl
1812,ssw
1813,nbl
1814,nbl
1815,sot
1816,tso
1817,xho
1818,nso
1819,ssw
1820,nbl
1821,afr
1822,nbl
1823,afr
1824,nbl
1825,nbl
1826,nbl
1827,nbl
1828,xho
1829,ssw
1830,nbl
1831,tso
1832,tso
1833,sot
1834,nbl
1835,nbl
1836,ssw
1837,ssw
1838,xho
1839,xho
1840,nbl
1841,nbl
1842,nso
1843,nbl
1844,xho
1845,zul
1846,ssw
1847,ssw
1848,nbl
1849,xho
1850,nbl
1851,nso
1852,nbl
1853,afr
1854,nbl
1855,nbl
1856,afr
1857,nbl
1858,ssw
1859,nso
1860,xho
1861,nbl
1862,nbl
1863,ssw
1864,ssw
1865,eng
1866,ven
1867,zul
1868,xho
1869,nbl
1870,nbl
1871,nbl
1872,sot
1873,nbl
1874,xho
1875,tso
1876,nbl
1877,ven
1878,ssw
1879,xho
1880,nbl
1881,sot
1882,zul
1883,nso
1884,ven
1885,nbl
1886,nbl
1887,sot
1888,nbl
1889,sot
1890,ven
1891,ssw
1892,eng
1893,nbl
1894,nbl
1895,ssw
1896,nbl
1897,sot
1898,xho
1899,nso
1900,sot
1901,nbl
1902,ssw
1903,nbl
1904,tsn
1905,ssw
1906,ssw
1907,nbl
1908,nbl
1909,nbl
1910,nbl
1911,nso
1912,nbl
1913,xho
1914,afr
1915,xho
1916,xho
1917,nbl
1918,nbl
1919,tso
1920,nbl
1921,nbl
1922,nbl
1923,sot
1924,zul
1925,nbl
1926,sot
1927,ssw
1928,afr
1929,ven
1930,sot
1931,nbl
1932,sot
1933,ven
1934,xho
1935,zul
1936,ssw
1937,nbl
1938,nbl
1939,ssw
1940,ssw
1941,nbl
1942,xho
1943,nbl
1944,ssw
1945,nbl
1946,nbl
1947,tsn
1948,xho
1949,xho
1950,nbl
1951,afr
1952,nso
1953,nso
1954,ssw
1955,nbl
1956,ssw
1957,nbl
1958,nbl
1959,xho
1960,xho
1961,nbl
1962,afr
1963,tso
1964,ssw
1965,xho
1966,ssw
1967,ssw
1968,nbl
1969,nbl
1970,afr
1971,xho
1972,sot
1973,ssw
1974,ssw
1975,xho
1976,nso
1977,xho
1978,afr
1979,nbl
1980,nbl
1981,nso
1982,nbl
1983,nso
1984,xho
1985,nbl
1986,tso
1987,ssw
1988,xho
1989,sot
1990,xho
1991,ssw
1992,tso
1993,tso
1994,nso
1995,ven
1996,ven
1997,nbl
1998,eng
1999,xho
2000,xho
2001,ven
2002,xho
2003,nso
2004,xho
2005,nbl
2006,xho
2007,tso
2008,nbl
2009,sot
2010,nbl
2011,ssw
2012,zul
2013,ssw
2014,nbl
2015,zul
2016,nso
2017,xho
2018,ssw
2019,xho
2020,zul
2021,nbl
2022,nbl
2023,tso
2024,nbl
2025,ssw
2026,nbl
2027,nso
2028,nbl
2029,xho
2030,tso
2031,xho
2032,xho
2033,nbl
2034,zul
2035,xho
2036,tso
2037,sot
2038,tso
2039,nbl
2040,nbl
2041,afr
2042,nso
2043,nso
2044,nbl
2045,nso
2046,nso
2047,nbl
2048,nso
2049,nbl
2050,ssw
2051,ssw
2052,eng
2053,nbl
2054,xho
2055,nso
2056,afr
2057,ssw
2058,nso
2059,nbl
2060,afr
2061,tso
2062,nbl
2063,zul
2064,zul
2065,eng
2066,ssw
2067,ssw
2068,nbl
2069,xho
2070,xho
2071,nbl
2072,zul
2073,sot
2074,ssw
2075,nbl
2076,eng
2077,afr
2078,nbl
2079,zul
2080,xho
2081,afr
2082,sot
2083,ssw
2084,eng
2085,nbl
2086,nbl
2087,sot
2088,nbl
2089,sot
2090,ssw
2091,nbl
2092,sot
2093,ven
2094,nbl
2095,zul
2096,nbl
2097,nbl
2098,nbl
2099,tso
2100,sot
2101,nbl
2102,ssw
2103,eng
2104,tso
2105,xho
2106,zul
2107,nbl
2108,nbl
2109,tso
2110,xho
2111,nbl
2112,afr
2113,nbl
2114,xho
2115,nso
2116,nbl
2117,nso
2118,xho
2119,nbl
2120,xho
2121,sot
2122,nbl
2123,ssw
2124,nbl
2125,sot
2126,afr
2127,afr
2128,tso
2129,ssw
2130,tso
2131,ssw
2132,nso
2133,nso
2134,xho
2135,sot
2136,ssw
2137,ssw
2138,zul
2139,sot
2140,xho
2141,nso
2142,sot
2143,ssw
2144,tso
2145,zul
2146,ssw
2147,sot
2148,nbl
2149,zul
2150,ssw
2151,xho
2152,nbl
2153,ven
2154,tsn
2155,zul
2156,xho
2157,nbl
2158,nbl
2159,nso
2160,zul
2161,afr
2162,nso
2163,xho
2164,xho
2165,xho
2166,ssw
2167,xho
2168,ssw
2169,nbl
2170,nso
2171,ssw
2172,tso
2173,nbl
2174,nso
2175,ven
2176,afr
2177,ven
2178,ven
2179,nbl
2180,ssw
2181,xho
2182,xho
2183,tso
2184,nbl
2185,sot
2186,tsn
2187,nbl
2188,xho
2189,nbl
2190,ssw
2191,ssw
2192,afr
2193,nbl
2194,tso
2195,nbl
2196,nbl
2197,tso
2198,tso
2199,afr
2200,nbl
2201,xho
2202,xho
2203,ssw
2204,sot
2205,nbl
2206,nso
2207,zul
2208,xho
2209,nbl
2210,ssw
2211,nbl
2212,ssw
2213,xho
2214,nbl
2215,nso
2216,nbl
2217,xho
2218,afr
2219,nbl
2220,nbl
2221,nso
2222,zul
2223,nso
2224,nbl
2225,ssw
2226,sot
2227,xho
2228,xho
2229,nbl
2230,afr
2231,nbl
2232,ssw
2233,nbl
2234,ssw
2235,nbl
2236,afr
2237,zul
2238,zul
2239,xho
2240,ssw
2241,nbl
2242,ven
2243,nbl
2244,zul
2245,xho
2246,ssw
2247,nbl
2248,xho
2249,xho
2250,nbl
2251,nbl
2252,ssw
2253,tsn
2254,eng
2255,zul
2256,nbl
2257,sot
2258,sot
2259,nbl
2260,nbl
2261,ven
2262,ven
2263,nbl
2264,nbl
2265,afr
2266,tso
2267,sot
2268,ssw
2269,nbl
2270,sot
2271,sot
2272,sot
2273,tsn
2274,xho
2275,nso
2276,ssw
2277,sot
2278,afr
2279,nbl
2280,nbl
2281,zul
2282,tso
2283,xho
2284,zul
2285,ssw
2286,zul
2287,nbl
2288,eng
2289,nso
2290,ssw
2291,tso
2292,ssw
2293,xho
2294,xho
2295,ssw
2296,xho
2297,xho
2298,sot
2299,sot
2300,ven
2301,sot
2302,afr
2303,xho
2304,nbl
2305,afr
2306,nbl
2307,nbl
2308,xho
2309,nso
2310,zul
2311,zul
2312,sot
2313,ssw
2314,nbl
2315,nso
2316,afr
2317,xho
2318,nbl
2319,sot
2320,zul
2321,sot
2322,sot
2323,ssw
2324,tso
2325,ven
2326,xho
2327,nso
2328,ssw
2329,ssw
2330,zul
2331,nbl
2332,ssw
2333,nbl
2334,nso
2335,ssw
2336,ven
2337,zul
2338,nbl
2339,nso
2340,xho
2341,nbl
2342,xho
2343,zul
2344,xho
2345,nso
2346,sot
2347,ven
2348,zul
2349,nbl
2350,zul
2351,nbl
2352,nbl
2353,afr
2354,zul
2355,ssw
2356,nso
2357,zul
2358,ven
2359,nbl
2360,nbl
2361,xho
2362,nbl
2363,nbl
2364,xho
2365,nbl
2366,zul
2367,nso
2368,nbl
2369,afr
2370,zul
2371,nbl
2372,afr
2373,xho
2374,xho
2375,ssw
2376,nbl
2377,afr
2378,tso
2379,afr
2380,ssw
2381,ven
2382,zul
2383,nbl
2384,afr
2385,nso
2386,nso
2387,ssw
2388,xho
2389,xho
2390,xho
2391,zul
2392,nbl
2393,xho
2394,ssw
2395,nbl
2396,sot
2397,ssw
2398,afr
2399,xho
2400,sot
2401,nbl
2402,xho
2403,ven
2404,afr
2405,afr
2406,ssw
2407,xho
2408,afr
2409,ssw
2410,ssw
2411,afr
2412,afr
2413,sot
2414,tsn
2415,tsn
2416,ssw
2417,ven
2418,nbl
2419,ssw
2420,nbl
2421,ven
2422,nbl
2423,ssw
2424,nbl
2425,afr
2426,xho
2427,afr
2428,sot
2429,nbl
2430,nso
2431,ssw
2432,nbl
2433,nbl
2434,ssw
2435,nbl
2436,xho
2437,xho
2438,nbl
2439,zul
2440,nbl
2441,xho
2442,zul
2443,nbl
2444,nso
2445,nbl
2446,xho
2447,ssw
2448,zul
2449,nbl
2450,zul
2451,zul
2452,afr
2453,nbl
2454,eng
2455,xho
2456,sot
2457,nbl
2458,nbl
2459,sot
2460,xho
2461,afr
2462,nso
2463,nso
2464,xho
2465,nbl
2466,nbl
2467,nbl
2468,xho
2469,ssw
2470,nbl
2471,afr
2472,zul
2473,ven
2474,ssw
2475,nbl
2476,xho
2477,xho
2478,ssw
2479,ven
2480,nbl
2481,xho
2482,nbl
2483,nbl
2484,tso
2485,ssw
2486,nbl
2487,xho
2488,nbl
2489,nbl
2490,ven
2491,xho
2492,afr
2493,sot
2494,xho
2495,nso
2496,nbl
2497,ssw
2498,nbl
2499,ven
2500,xho
2501,nbl
2502,xho
2503,afr
2504,nbl
2505,nbl
2506,sot
2507,ssw
2508,afr
2509,nbl
2510,afr
2511,eng
2512,nbl
2513,nso
2514,nbl
2515,zul
2516,nbl
2517,nbl
2518,nso
2519,zul
2520,nbl
2521,sot
2522,afr
2523,xho
2524,sot
2525,nbl
2526,sot
2527,xho
2528,tso
2529,xho
2530,ssw
2531,eng
2532,afr
2533,sot
2534,zul
2535,zul
2536,nbl
2537,nso
2538,afr
2539,tso
2540,xho
2541,afr
2542,ssw
2543,ssw
2544,xho
2545,ssw
2546,sot
2547,tso
2548,ven
2549,afr
2550,xho
2551,nso
2552,zul
2553,sot
2554,tso
2555,nbl
2556,sot
2557,nbl
2558,nbl
2559,ven
2560,ssw
2561,tso
2562,xho
2563,sot
2564,afr
2565,xho
2566,tsn
2567,afr
2568,nbl
2569,nso
2570,ssw
2571,xho
2572,ven
2573,ven
2574,ssw
2575,ssw
2576,xho
2577,xho
2578,eng
2579,nso
2580,nso
2581,ven
2582,nso
2583,xho
2584,zul
2585,tso
2586,nso
2587,sot
2588,zul
2589,ssw
2590,nbl
2591,ven
2592,nbl
2593,nbl
2594,zul
2595,nbl
2596,xho
2597,xho
2598,nbl
2599,ssw
2600,xho
2601,nso
2602,xho
2603,nbl
2604,afr
2605,afr
2606,eng
2607,nbl
2608,ssw
2609,tso
2610,zul
2611,nbl
2612,eng
2613,afr
2614,nbl
2615,ssw
2616,xho
2617,xho
2618,zul
2619,xho
2620,xho
2621,nbl
2622,nbl
2623,nbl
2624,tso
2625,nso
2626,xho
2627,zul
2628,eng
2629,afr
2630,nbl
2631,xho
2632,nbl
2633,xho
2634,sot
2635,nbl
2636,nbl
2637,ssw
2638,nbl
2639,sot
2640,eng
2641,afr
2642,afr
2643,nbl
2644,afr
2645,nso
2646,sot
2647,sot
2648,nso
2649,nbl
2650,xho
2651,eng
2652,eng
2653,eng
2654,zul
2655,xho
2656,xho
2657,xho
2658,ssw
2659,eng
2660,nbl
2661,zul
2662,ven
2663,xho
2664,zul
2665,xho
2666,nso
2667,sot
2668,zul
2669,xho
2670,nso
2671,ven
2672,ssw
2673,nbl
2674,tsn
2675,ven
2676,nbl
2677,tso
2678,ssw
2679,zul
2680,eng
2681,afr
2682,xho
2683,sot
2684,ssw
2685,nbl
2686,zul
2687,nbl
2688,sot
2689,zul
2690,tsn
2691,tso
2692,zul
2693,nbl
2694,xho
2695,ven
2696,afr
2697,xho
2698,nbl
2699,nbl
2700,nbl
2701,nbl
2702,afr
2703,zul
2704,nbl
2705,tso
2706,nso
2707,sot
2708,sot
2709,xho
2710,nbl
2711,nbl
2712,nbl
2713,nbl
2714,nso
2715,ssw
2716,ssw
2717,nbl
2718,sot
2719,xho
2720,afr
2721,sot
2722,tso
2723,nbl
2724,nbl
2725,xho
2726,afr
2727,xho
2728,ssw
2729,nbl
2730,nbl
2731,nso
2732,sot
2733,nbl
2734,xho
2735,afr
2736,nbl
2737,sot
2738,zul
2739,ssw
2740,nbl
2741,nbl
2742,afr
2743,nso
2744,xho
2745,nbl
2746,xho
2747,afr
2748,nbl
2749,ssw
2750,nbl
2751,nbl
2752,nso
2753,zul
2754,ssw
2755,ven
2756,nbl
2757,zul
2758,nso
2759,xho
2760,tsn
2761,afr
2762,nso
2763,zul
2764,afr
2765,nbl
2766,nso
2767,sot
2768,sot
2769,sot
2770,tso
2771,eng
2772,xho
2773,nbl
2774,nbl
2775,afr
2776,ssw
2777,xho
2778,afr
2779,afr
2780,nbl
2781,ssw
2782,afr
2783,nbl
2784,xho
2785,afr
2786,nbl
2787,eng
2788,nbl
2789,zul
2790,nbl
2791,nso
2792,afr
2793,ssw
2794,ssw
2795,tso
2796,nbl
2797,sot
2798,nso
2799,ven
2800,nso
2801,nbl
2802,ssw
2803,afr
2804,nbl
2805,nbl
2806,zul
2807,nbl
2808,ssw
2809,afr
2810,sot
2811,sot
2812,eng
2813,nbl
2814,afr
2815,xho
2816,zul
2817,nbl
2818,zul
2819,zul
2820,ssw
2821,afr
2822,nbl
2823,ssw
2824,ssw
2825,nso
2826,nbl
2827,nso
2828,nbl
2829,ssw
2830,nbl
2831,xho
2832,tsn
2833,xho
2834,tsn
2835,zul
2836,afr
2837,eng
2838,tso
2839,nso
2840,xho
2841,nbl
2842,xho
2843,ssw
2844,zul
2845,ssw
2846,afr
2847,nbl
2848,nbl
2849,ssw
2850,ssw
2851,ssw
2852,nbl
2853,xho
2854,ven
2855,eng
2856,nbl
2857,ssw
2858,xho
2859,nbl
2860,nbl
2861,xho
2862,sot
2863,xho
2864,xho
2865,xho
2866,xho
2867,xho
2868,zul
2869,nbl
2870,ssw
2871,afr
2872,ven
2873,nbl
2874,nbl
2875,nbl
2876,ven
2877,xho
2878,nbl
2879,nbl
2880,nbl
2881,ven
2882,zul
2883,tso
2884,nbl
2885,sot
2886,xho
2887,nbl
2888,xho
2889,zul
2890,tso
2891,nso
2892,nso
2893,ssw
2894,ssw
2895,ssw
2896,xho
2897,nbl
2898,xho
2899,ssw
2900,nbl
2901,nso
2902,nbl
2903,tso
2904,zul
2905,sot
2906,nso
2907,ssw
2908,xho
2909,afr
2910,xho
2911,nso
2912,nso
2913,xho
2914,ssw
2915,ven
2916,tsn
2917,ssw
2918,nbl
2919,ssw
2920,xho
2921,sot
2922,sot
2923,nbl
2924,sot
2925,xho
2926,afr
2927,nbl
2928,ssw
2929,nbl
2930,nbl
2931,xho
2932,afr
2933,nbl
2934,xho
2935,nso
2936,tsn
2937,sot
2938,tso
2939,nso
2940,afr
2941,nso
2942,ssw
2943,xho
2944,ven
2945,sot
2946,sot
2947,afr
2948,nbl
2949,tso
2950,xho
2951,nbl
2952,sot
2953,xho
2954,ssw
2955,eng
2956,nbl
2957,zul
2958,nbl
2959,xho
2960,nbl
2961,eng
2962,afr
2963,ssw
2964,xho
2965,xho
2966,nbl
2967,nso
2968,xho
2969,afr
2970,tso
2971,afr
2972,xho
2973,nbl
2974,tso
2975,nso
2976,ssw
2977,xho
2978,nbl
2979,nbl
2980,nso
2981,nso
2982,nbl
2983,nbl
2984,tso
2985,ssw
2986,nbl
2987,afr
2988,tso
2989,nbl
2990,ven
2991,xho
2992,ssw
2993,nbl
2994,nbl
2995,xho
2996,sot
2997,ssw
2998,xho
2999,ssw
3000,xho
3001,tso
3002,nbl
3003,ssw
3004,afr
3005,afr
3006,afr
3007,xho
3008,nbl
3009,sot
3010,sot
3011,zul
3012,zul
3013,sot
3014,afr
3015,afr
3016,nbl
3017,xho
3018,nbl
3019,xho
3020,sot
3021,eng
3022,sot
3023,xho
3024,nbl
3025,zul
3026,ssw
3027,nbl
3028,ssw
3029,ven
3030,tso
3031,xho
3032,ssw
3033,nbl
3034,afr
3035,xho
3036,sot
3037,nbl
3038,nbl
3039,nbl
3040,eng
3041,nbl
3042,nso
3043,nbl
3044,nbl
3045,nbl
3046,zul
3047,ssw
3048,xho
3049,zul
3050,nso
3051,nbl
3052,zul
3053,ssw
3054,ven
3055,xho
3056,ssw
3057,nso
3058,xho
3059,afr
3060,afr
3061,xho
3062,xho
3063,nbl
3064,zul
3065,xho
3066,nso
3067,zul
3068,nso
3069,nbl
3070,nso
3071,nbl
3072,afr
3073,afr
3074,zul
3075,xho
3076,nbl
3077,ven
3078,ssw
3079,ssw
3080,nbl
3081,tsn
3082,nbl
3083,eng
3084,tso
3085,nso
3086,ssw
3087,nbl
3088,ven
3089,zul
3090,eng
3091,nbl
3092,nso
3093,sot
3094,zul
3095,ssw
3096,ven
3097,nbl
3098,xho
3099,xho
3100,nbl
3101,tsn
3102,nbl
3103,eng
3104,sot
3105,nso
3106,ssw
3107,tsn
3108,nbl
3109,xho
3110,nso
3111,nbl
3112,ssw
3113,ssw
3114,eng
3115,sot
3116,xho
3117,afr
3118,tso
3119,sot
3120,zul
3121,ssw
3122,nbl
3123,xho
3124,sot
3125,ssw
3126,nbl
3127,nbl
3128,nbl
3129,nbl
3130,ssw
3131,afr
3132,ven
3133,zul
3134,eng
3135,xho
3136,nso
3137,xho
3138,nbl
3139,nbl
3140,afr
3141,nso
3142,ssw
3143,xho
3144,zul
3145,ssw
3146,xho
3147,tso
3148,ssw
3149,ssw
3150,nbl
3151,nso
3152,nbl
3153,nbl
3154,xho
3155,nbl
3156,xho
3157,afr
3158,xho
3159,nbl
3160,tso
3161,eng
3162,nbl
3163,tso
3164,zul
3165,nbl
3166,nbl
3167,ssw
3168,afr
3169,tso
3170,tso
3171,ssw
3172,afr
3173,sot
3174,sot
3175,nbl
3176,afr
3177,ven
3178,ven
3179,zul
3180,ssw
3181,ssw
3182,nbl
3183,ssw
3184,xho
3185,nbl
3186,xho
3187,eng
3188,afr
3189,nbl
3190,zul
3191,xho
3192,tso
3193,zul
3194,nso
3195,xho
3196,nbl
3197,xho
3198,sot
3199,xho
3200,nbl
3201,nbl
3202,nbl
3203,eng
3204,afr
3205,nso
3206,afr
3207,afr
3208,tso
3209,nbl
3210,nso
3211,xho
3212,xho
3213,ssw
3214,xho
3215,xho
3216,ssw
3217,nbl
3218,zul
3219,nbl
3220,nbl
3221,xho
3222,tso
3223,ven
3224,ssw
3225,tso
3226,nbl
3227,nbl
3228,nso
3229,zul
3230,nso
3231,afr
3232,ssw
3233,nbl
3234,nbl
3235,xho
3236,sot
3237,xho
3238,ssw
3239,xho
3240,nbl
3241,ssw
3242,xho
3243,tso
3244,nbl
3245,nbl
3246,sot
3247,xho
3248,tso
3249,ven
3250,zul
3251,sot
3252,nbl
3253,nbl
3254,nbl
3255,xho
3256,ven
3257,xho
3258,nbl
3259,nbl
3260,tsn
3261,tsn
3262,nbl
3263,ssw
3264,tso
3265,nbl
3266,xho
3267,ssw
3268,ssw
3269,nbl
3270,tso
3271,xho
3272,xho
3273,zul
3274,afr
3275,zul
3276,tsn
3277,xho
3278,xho
3279,ssw
3280,nbl
3281,xho
3282,xho
3283,nbl
3284,ssw
3285,ssw
3286,nbl
3287,nbl
3288,nbl
3289,ssw
3290,nbl
3291,zul
3292,zul
3293,nso
3294,zul
3295,afr
3296,xho
3297,zul
3298,nbl
3299,nbl
3300,sot
3301,afr
3302,nso
3303,xho
3304,afr
3305,ven
3306,eng
3307,xho
3308,ssw
3309,ven
3310,zul
3311,nso
3312,nso
3313,sot
3314,nso
3315,nbl
3316,sot
3317,nbl
3318,nbl
3319,afr
3320,nbl
3321,nbl
3322,eng
3323,sot
3324,nbl
3325,afr
3326,sot
3327,nso
3328,nso
3329,xho
3330,afr
3331,xho
3332,nbl
3333,zul
3334,zul
3335,nbl
3336,xho
3337,ven
3338,nbl
3339,xho
3340,nso
3341,xho
3342,tso
3343,nbl
3344,nbl
3345,nbl
3346,ven
3347,tso
3348,ssw
3349,nso
3350,tso
3351,sot
3352,nbl
3353,nbl
3354,tso
3355,nbl
3356,sot
3357,afr
3358,tso
3359,tsn
3360,nbl
3361,xho
3362,nbl
3363,xho
3364,nbl
3365,ven
3366,xho
3367,xho
3368,nbl
3369,ssw
3370,zul
3371,nbl
3372,ssw
3373,ssw
3374,nbl
3375,tso
3376,tso
3377,xho
3378,eng
3379,afr
3380,sot
3381,xho
3382,xho
3383,nbl
3384,xho
3385,nso
3386,ssw
3387,nbl
3388,afr
3389,tso
3390,sot
3391,zul
3392,nbl
3393,nso
3394,nbl
3395,xho
3396,nbl
3397,nbl
3398,zul
3399,nbl
3400,nbl
3401,nbl
3402,ven
3403,xho
3404,xho
3405,ssw
3406,xho
3407,ssw
3408,ssw
3409,nbl
3410,nbl
3411,ssw
3412,eng
3413,eng
3414,xho
3415,nbl
3416,xho
3417,nbl
3418,xho
3419,tsn
3420,ven
3421,zul
3422,ssw
3423,zul
3424,nbl
3425,zul
3426,nbl
3427,nbl
3428,nbl
3429,nbl
3430,afr
3431,nbl
3432,ssw
3433,zul
3434,xho
3435,nso
3436,nbl
3437,xho
3438,afr
3439,xho
3440,tso
3441,nbl
3442,xho
3443,ven
3444,ven
3445,tso
3446,nbl
3447,xho
3448,zul
3449,sot
3450,zul
3451,xho
3452,nbl
3453,afr
3454,ssw
3455,nbl
3456,zul
3457,xho
3458,xho
3459,ssw
3460,xho
3461,zul
3462,nbl
3463,eng
3464,sot
3465,zul
3466,ven
3467,xho
3468,tso
3469,ssw
3470,sot
3471,zul
3472,zul
3473,afr
3474,nbl
3475,nbl
3476,afr
3477,afr
3478,xho
3479,xho
3480,nbl
3481,nso
3482,nbl
3483,tsn
3484,xho
3485,sot
3486,xho
3487,ven
3488,ssw
3489,ssw
3490,xho
3491,xho
3492,nbl
3493,zul
3494,ssw
3495,nbl
3496,nbl
3497,nso
3498,nbl
3499,nbl
3500,afr
3501,xho
3502,xho
3503,xho
3504,xho
3505,nbl
3506,ven
3507,nbl
3508,ven
3509,sot
3510,ven
3511,nbl
3512,nbl
3513,nbl
3514,nbl
3515,nso
3516,zul
3517,ssw
3518,nbl
3519,nbl
3520,tso
3521,nbl
3522,ven
3523,sot
3524,nbl
3525,nbl
3526,nbl
3527,xho
3528,xho
3529,zul
3530,afr
3531,nbl
3532,xho
3533,nbl
3534,nbl
3535,xho
3536,nbl
3537,nbl
3538,nbl
3539,xho
3540,nbl
3541,xho
3542,xho
3543,zul
3544,nbl
3545,tso
3546,xho
3547,nbl
3548,nbl
3549,nbl
3550,ssw
3551,eng
3552,ssw
3553,nbl
3554,ssw
3555,nbl
3556,nbl
3557,xho
3558,ssw
3559,afr
3560,zul
3561,nso
3562,afr
3563,xho
3564,nso
3565,nso
3566,nso
3567,afr
3568,tso
3569,sot
3570,ssw
3571,xho
3572,nso
3573,afr
3574,nbl
3575,nso
3576,nbl
3577,ven
3578,afr
3579,nbl
3580,nbl
3581,eng
3582,nbl
3583,afr
3584,tso
3585,xho
3586,nbl
3587,xho
3588,zul
3589,xho
3590,nbl
3591,ssw
3592,zul
3593,nbl
3594,xho
3595,tso
3596,ssw
3597,tso
3598,tsn
3599,afr
3600,nbl
3601,zul
3602,zul
3603,xho
3604,tso
3605,tso
3606,afr
3607,ssw
3608,zul
3609,nso
3610,nbl
3611,tso
3612,xho
3613,sot
3614,afr
3615,xho
3616,xho
3617,xho
3618,nbl
3619,xho
3620,ssw
3621,eng
3622,ven
3623,nso
3624,nbl
3625,nbl
3626,nbl
3627,nso
3628,nbl
3629,nbl
3630,zul
3631,afr
3632,sot
3633,afr
3634,eng
3635,tso
3636,eng
3637,xho
3638,xho
3639,sot
3640,nbl
3641,sot
3642,nbl
3643,nbl
3644,ssw
3645,afr
3646,xho
3647,sot
3648,xho
3649,nbl
3650,eng
3651,tso
3652,nso
3653,ssw
3654,nbl
3655,ssw
3656,sot
3657,nso
3658,sot
3659,ssw
3660,xho
3661,nbl
3662,sot
3663,nbl
3664,nbl
3665,sot
3666,nso
3667,ssw
3668,xho
3669,ssw
3670,tso
3671,ssw
3672,nbl
3673,nbl
3674,nbl
3675,nbl
3676,xho
3677,ssw
3678,zul
3679,xho
3680,ven
3681,nbl
3682,xho
3683,tsn
3684,nbl
3685,zul
3686,sot
3687,xho
3688,ven
3689,nbl
3690,sot
3691,xho
3692,xho
3693,nbl
3694,xho
3695,sot
3696,sot
3697,xho
3698,xho
3699,ssw
3700,nbl
3701,xho
3702,ssw
3703,tso
3704,nso
3705,nbl
3706,nbl
3707,xho
3708,tso
3709,afr
3710,sot
3711,ssw
3712,tso
3713,eng
3714,xho
3715,nbl
3716,nbl
3717,afr
3718,ven
3719,nbl
3720,nbl
3721,xho
3722,xho
3723,nbl
3724,xho
3725,ssw
3726,nbl
3727,tsn
3728,ssw
3729,nbl
3730,sot
3731,xho
3732,ssw
3733,ssw
3734,xho
3735,xho
3736,nbl
3737,zul
3738,nbl
3739,zul
3740,nbl
3741,nbl
3742,sot
3743,eng
3744,nbl
3745,nbl
3746,zul
3747,nbl
3748,nso
3749,nbl
3750,nbl
3751,xho
3752,afr
3753,nso
3754,tsn
3755,nbl
3756,nbl
3757,sot
3758,sot
3759,xho
3760,nso
3761,nbl
3762,nso
3763,ven
3764,nso
3765,nso
3766,zul
3767,zul
3768,nbl
3769,xho
3770,nso
3771,zul
3772,xho
3773,eng
3774,sot
3775,afr
3776,xho
3777,ssw
3778,ssw
3779,nbl
3780,nbl
3781,nbl
3782,sot
3783,sot
3784,tsn
3785,xho
3786,xho
3787,zul
3788,xho
3789,zul
3790,xho
3791,afr
3792,zul
3793,nbl
3794,xho
3795,afr
3796,nso
3797,nso
3798,ssw
3799,nbl
3800,ven
3801,nbl
3802,ssw
3803,nbl
3804,zul
3805,ssw
3806,xho
3807,tsn
3808,ssw
3809,nbl
3810,ssw
3811,sot
3812,tsn
3813,nbl
3814,nbl
3815,ssw
3816,nso
3817,ssw
3818,nbl
3819,ssw
3820,nso
3821,ssw
3822,ven
3823,eng
3824,nso
3825,xho
3826,xho
3827,nbl
3828,afr
3829,nbl
3830,nbl
3831,ssw
3832,xho
3833,nbl
3834,ssw
3835,nbl
3836,xho
3837,nbl
3838,nbl
3839,eng
3840,zul
3841,nso
3842,ssw
3843,nbl
3844,ven
3845,zul
3846,ven
3847,tsn
3848,sot
3849,nbl
3850,nbl
3851,nbl
3852,nbl
3853,xho
3854,zul
3855,nso
3856,zul
3857,nso
3858,afr
3859,sot
3860,tso
3861,zul
3862,nbl
3863,xho
3864,xho
3865,ssw
3866,ssw
3867,afr
3868,nso
3869,ven
3870,xho
3871,nbl
3872,ssw
3873,nbl
3874,ssw
3875,nbl
3876,eng
3877,xho
3878,nbl
3879,xho
3880,nbl
3881,nso
3882,nbl
3883,sot
3884,nbl
3885,sot
3886,ven
3887,nbl
3888,xho
3889,sot
3890,nbl
3891,zul
3892,nso
3893,zul
3894,zul
3895,tsn
3896,ssw
3897,ssw
3898,tso
3899,eng
3900,ven
3901,afr
3902,nso
3903,eng
3904,nbl
3905,sot
3906,nso
3907,nbl
3908,xho
3909,zul
3910,xho
3911,zul
3912,xho
3913,nbl
3914,nbl
3915,afr
3916,sot
3917,xho
3918,nso
3919,nbl
3920,ssw
3921,ssw
3922,xho
3923,nbl
3924,ven
3925,nbl
3926,xho
3927,nbl
3928,nbl
3929,xho
3930,ssw
3931,ssw
3932,xho
3933,sot
3934,nso
3935,nbl
3936,xho
3937,xho
3938,tso
3939,afr
3940,ven
3941,nbl
3942,ven
3943,zul
3944,tso
3945,nbl
3946,nso
3947,sot
3948,xho
3949,xho
3950,sot
3951,nso
3952,nbl
3953,sot
3954,xho
3955,xho
3956,xho
3957,xho
3958,afr
3959,eng
3960,zul
3961,tso
3962,xho
3963,ven
3964,nso
3965,nbl
3966,ssw
3967,sot
3968,xho
3969,zul
3970,nso
3971,nbl
3972,nbl
3973,nso
3974,sot
3975,ssw
3976,nbl
3977,tsn
3978,nso
3979,nbl
3980,tsn
3981,xho
3982,ssw
3983,ssw
3984,tsn
3985,sot
3986,ssw
3987,zul
3988,nbl
3989,ssw
3990,eng
3991,nbl
3992,xho
3993,afr
3994,zul
3995,xho
3996,nbl
3997,nbl
3998,xho
3999,nso
4000,nbl
4001,zul
4002,zul
4003,nbl
4004,nbl
4005,zul
4006,nso
4007,nbl
4008,xho
4009,nbl
4010,nso
4011,xho
4012,ssw
4013,nbl
4014,nbl
4015,tso
4016,nbl
4017,zul
4018,ssw
4019,nbl
4020,xho
4021,nbl
4022,afr
4023,nbl
4024,tso
4025,zul
4026,xho
4027,nbl
4028,zul
4029,ssw
4030,nbl
4031,nbl
4032,xho
4033,afr
4034,afr
4035,nso
4036,nbl
4037,afr
4038,sot
4039,nbl
4040,sot
4041,ssw
4042,xho
4043,ssw
4044,xho
4045,nbl
4046,ven
4047,xho
4048,sot
4049,xho
4050,xho
4051,zul
4052,xho
4053,nbl
4054,ven
4055,ssw
4056,xho
4057,ssw
4058,ven
4059,xho
4060,afr
4061,ven
4062,ssw
4063,xho
4064,xho
4065,sot
4066,xho
4067,zul
4068,afr
4069,tso
4070,sot
4071,xho
4072,zul
4073,nso
4074,xho
4075,nso
4076,nbl
4077,ven
4078,xho
4079,afr
4080,sot
4081,xho
4082,afr
4083,sot
4084,nso
4085,ssw
4086,afr
4087,tso
4088,sot
4089,xho
4090,tso
4091,ssw
4092,nbl
4093,tsn
4094,zul
4095,zul
4096,ssw
4097,ssw
4098,nbl
4099,afr
4100,sot
4101,xho
4102,xho
4103,xho
4104,nbl
4105,zul
4106,zul
4107,nbl
4108,afr
4109,nbl
4110,zul
4111,xho
4112,xho
4113,nbl
4114,xho
4115,xho
4116,ssw
4117,nso
4118,zul
4119,ven
4120,ven
4121,afr
4122,nso
4123,zul
4124,nbl
4125,ssw
4126,zul
4127,nbl
4128,sot
4129,nbl
4130,nbl
4131,nbl
4132,afr
4133,xho
4134,nso
4135,tso
4136,afr
4137,nbl
4138,eng
4139,ssw
4140,ssw
4141,xho
4142,ssw
4143,xho
4144,sot
4145,nbl
4146,nbl
4147,nso
4148,zul
4149,nbl
4150,afr
4151,nso
4152,ssw
4153,sot
4154,sot
4155,afr
4156,afr
4157,afr
4158,xho
4159,nbl
4160,ssw
4161,ssw
4162,nso
4163,zul
4164,tso
4165,tso
4166,ven
4167,tso
4168,nbl
4169,nso
4170,nbl
4171,tsn
4172,eng
4173,zul
4174,nbl
4175,zul
4176,ven
4177,sot
4178,tso
4179,nbl
4180,sot
4181,ven
4182,xho
4183,tso
4184,xho
4185,xho
4186,sot
4187,nbl
4188,nbl
4189,xho
4190,nbl
4191,nso
4192,xho
4193,xho
4194,afr
4195,nbl
4196,nbl
4197,eng
4198,afr
4199,ssw
4200,nbl
4201,nso
4202,nso
4203,nso
4204,nbl
4205,zul
4206,ssw
4207,nso
4208,xho
4209,zul
4210,ssw
4211,xho
4212,nbl
4213,nbl
4214,nbl
4215,nbl
4216,ssw
4217,tso
4218,ven
4219,xho
4220,zul
4221,nbl
4222,nbl
4223,nso
4224,xho
4225,afr
4226,xho
4227,xho
4228,nbl
4229,ven
4230,xho
4231,zul
4232,ssw
4233,tso
4234,nbl
4235,xho
4236,afr
4237,sot
4238,zul
4239,nso
4240,afr
4241,nso
4242,nbl
4243,zul
4244,tso
4245,ssw
4246,ven
4247,nbl
4248,eng
4249,afr
4250,nbl
4251,nbl
4252,ssw
4253,zul
4254,xho
4255,ven
4256,tsn
4257,nbl
4258,sot
4259,xho
4260,ssw
4261,nbl
4262,nbl
4263,nso
4264,xho
4265,nbl
4266,nbl
4267,afr
4268,nbl
4269,zul
4270,zul
4271,afr
4272,xho
4273,zul
4274,xho
4275,ssw
4276,nbl
4277,xho
4278,xho
4279,nbl
4280,nbl
4281,ven
4282,sot
4283,zul
4284,ssw
4285,ssw
4286,ssw
4287,nbl
4288,xho
4289,nbl
4290,zul
4291,ven
4292,xho
4293,ssw
4294,nbl
4295,xho
4296,tso
4297,xho
4298,nbl
4299,tso
4300,xho
4301,sot
4302,nso
4303,nbl
4304,nso
4305,nso
4306,afr
4307,nbl
4308,afr
4309,xho
4310,tso
4311,sot
4312,sot
4313,nbl
4314,zul
4315,afr
4316,ssw
4317,nbl
4318,nbl
4319,nso
4320,eng
4321,nbl
4322,zul
4323,nbl
4324,eng
4325,nbl
4326,nso
4327,xho
4328,sot
4329,nbl
4330,nso
4331,xho
4332,ven
4333,tsn
4334,xho
4335,nso
4336,eng
4337,sot
4338,zul
4339,xho
4340,nbl
4341,zul
4342,afr
4343,xho
4344,xho
4345,tso
4346,ssw
4347,sot
4348,xho
4349,nbl
4350,afr
4351,nbl
4352,zul
4353,xho
4354,xho
4355,xho
4356,xho
4357,nbl
4358,ven
4359,nbl
4360,afr
4361,nso
4362,sot
4363,afr
4364,nbl
4365,sot
4366,afr
4367,zul
4368,nso
4369,nbl
4370,tsn
4371,xho
4372,afr
4373,tsn
4374,eng
4375,nso
4376,zul
4377,zul
4378,nso
4379,nbl
4380,zul
4381,ssw
4382,xho
4383,nbl
4384,ven
4385,ssw
4386,xho
4387,nbl
4388,nbl
4389,xho
4390,afr
4391,xho
4392,tsn
4393,nbl
4394,ssw
4395,zul
4396,nbl
4397,ssw
4398,eng
4399,tso
4400,afr
4401,nso
4402,ssw
4403,nso
4404,nbl
4405,afr
4406,nbl
4407,zul
4408,nbl
4409,zul
4410,xho
4411,afr
4412,tso
4413,ven
4414,xho
4415,nbl
4416,nso
4417,afr
4418,ssw
4419,nbl
4420,ssw
4421,ssw
4422,zul
4423,sot
4424,nbl
4425,nbl
4426,eng
4427,ssw
4428,tsn
4429,xho
4430,sot
4431,xho
4432,sot
4433,afr
4434,ssw
4435,afr
4436,ssw
4437,nso
4438,xho
4439,nbl
4440,nbl
4441,nbl
4442,nbl
4443,nbl
4444,nbl
4445,nso
4446,nbl
4447,xho
4448,nbl
4449,sot
4450,nbl
4451,tso
4452,nbl
4453,zul
4454,ssw
4455,zul
4456,afr
4457,nbl
4458,zul
4459,ssw
4460,nbl
4461,nso
4462,afr
4463,ssw
4464,tso
4465,zul
4466,ven
4467,xho
4468,ven
4469,tso
4470,ven
4471,nbl
4472,afr
4473,tso
4474,nso
4475,ssw
4476,zul
4477,nbl
4478,tsn
4479,ven
4480,xho
4481,nbl
4482,nbl
4483,nbl
4484,ssw
4485,ssw
4486,xho
4487,tsn
4488,nbl
4489,sot
4490,nbl
4491,nso
4492,tso
4493,ven
4494,xho
4495,afr
4496,ven
4497,ssw
4498,afr
4499,ssw
4500,nso
4501,nbl
4502,xho
4503,nbl
4504,nbl
4505,sot
4506,ven
4507,xho
4508,xho
4509,ven
4510,nbl
4511,xho
4512,xho
4513,xho
4514,tsn
4515,xho
4516,nbl
4517,xho
4518,sot
4519,zul
4520,nbl
4521,tsn
4522,nso
4523,ven
4524,ven
4525,zul
4526,nbl
4527,zul
4528,nbl
4529,nbl
4530,xho
4531,nbl
4532,nbl
4533,ssw
4534,nbl
4535,zul
4536,sot
4537,nso
4538,xho
4539,xho
4540,eng
4541,nbl
4542,afr
4543,afr
4544,nbl
4545,ssw
4546,nso
4547,sot
4548,ven
4549,eng
4550,ssw
4551,xho
4552,nbl
4553,nbl
4554,nbl
4555,xho
4556,xho
4557,tso
4558,xho
4559,ven
4560,zul
4561,xho
4562,nso
4563,eng
4564,sot
4565,nbl
4566,sot
4567,sot
4568,ssw
4569,xho
4570,sot
4571,nbl
4572,xho
4573,afr
4574,nbl
4575,ssw
4576,nbl
4577,zul
4578,zul
4579,zul
4580,nbl
4581,tso
4582,xho
4583,nso
4584,nbl
4585,ssw
4586,ssw
4587,ssw
4588,sot
4589,nbl
4590,nso
4591,sot
4592,zul
4593,tso
4594,ven
4595,ssw
4596,nbl
4597,ven
4598,eng
4599,nbl
4600,afr
4601,nso
4602,ven
4603,sot
4604,nbl
4605,xho
4606,tso
4607,ssw
4608,afr
4609,nbl
4610,tsn
4611,afr
4612,nbl
4613,tso
4614,afr
4615,ssw
4616,xho
4617,eng
4618,nbl
4619,nbl
4620,ssw
4621,xho
4622,nbl
4623,nbl
4624,xho
4625,xho
4626,ssw
4627,nbl
4628,nbl
4629,tso
4630,nbl
4631,nbl
4632,nbl
4633,eng
4634,ven
4635,zul
4636,xho
4637,xho
4638,eng
4639,nbl
4640,nbl
4641,nbl
4642,nbl
4643,tso
4644,tso
4645,nso
4646,tsn
4647,nso
4648,xho
4649,ssw
4650,nbl
4651,xho
4652,sot
4653,ven
4654,zul
4655,nso
4656,nbl
4657,xho
4658,ssw
4659,tso
4660,xho
4661,zul
4662,zul
4663,zul
4664,xho
4665,afr
4666,eng
4667,zul
4668,xho
4669,afr
4670,xho
4671,xho
4672,nso
4673,ven
4674,nbl
4675,xho
4676,xho
4677,nbl
4678,zul
4679,nbl
4680,ssw
4681,nbl
4682,ssw
4683,zul
4684,ven
4685,nbl
4686,afr
4687,sot
4688,nbl
4689,ssw
4690,tso
4691,xho
4692,nbl
4693,nso
4694,nbl
4695,ven
4696,sot
4697,sot
4698,nbl
4699,nbl
4700,nbl
4701,afr
4702,ssw
4703,nbl
4704,zul
4705,tso
4706,xho
4707,xho
4708,sot
4709,nbl
4710,nbl
4711,nbl
4712,ssw
4713,nso
4714,afr
4715,afr
4716,xho
4717,nbl
4718,nbl
4719,zul
4720,nbl
4721,afr
4722,nso
4723,nbl
4724,zul
4725,sot
4726,ssw
4727,zul
4728,nbl
4729,nbl
4730,ssw
4731,nso
4732,ssw
4733,nso
4734,eng
4735,zul
4736,xho
4737,tso
4738,nbl
4739,zul
4740,tso
4741,nso
4742,nbl
4743,nbl
4744,xho
4745,ssw
4746,nbl
4747,nbl
4748,nso
4749,zul
4750,xho
4751,afr
4752,zul
4753,sot
4754,ssw
4755,nso
4756,nbl
4757,nso
4758,xho
4759,ssw
4760,sot
4761,nbl
4762,tsn
4763,nbl
4764,zul
4765,zul
4766,nso
4767,sot
4768,ssw
4769,sot
4770,ven
4771,nbl
4772,xho
4773,sot
4774,nbl
4775,eng
4776,tsn
4777,nso
4778,nbl
4779,nbl
4780,nbl
4781,nso
4782,ssw
4783,xho
4784,xho
4785,afr
4786,tso
4787,nbl
4788,ven
4789,ssw
4790,nbl
4791,zul
4792,afr
4793,nbl
4794,xho
4795,tsn
4796,nbl
4797,ven
4798,tso
4799,nso
4800,afr
4801,ssw
4802,nso
4803,ssw
4804,eng
4805,xho
4806,nbl
4807,ven
4808,nbl
4809,ssw
4810,afr
4811,nbl
4812,nbl
4813,xho
4814,nbl
4815,nso
4816,tso
4817,nbl
4818,tso
4819,ssw
4820,xho
4821,nbl
4822,nso
4823,nbl
4824,sot
4825,nbl
4826,afr
4827,nbl
4828,nbl
4829,nso
4830,ssw
4831,sot
4832,nbl
4833,ssw
4834,ssw
4835,sot
4836,zul
4837,nbl
4838,ssw
4839,nbl
4840,xho
4841,nbl
4842,nbl
4843,zul
4844,xho
4845,xho
4846,xho
4847,tso
4848,afr
4849,tso
4850,xho
4851,afr
4852,xho
4853,xho
4854,nbl
4855,nso
4856,nbl
4857,nso
4858,nbl
4859,ven
4860,nbl
4861,afr
4862,afr
4863,ssw
4864,nso
4865,sot
4866,xho
4867,nbl
4868,ssw
4869,nbl
4870,nbl
4871,nbl
4872,sot
4873,ven
4874,xho
4875,nbl
4876,zul
4877,xho
4878,ssw
4879,ssw
4880,nbl
4881,nbl
4882,afr
4883,xho
4884,nbl
4885,sot
4886,tso
4887,xho
4888,nso
4889,ssw
4890,zul
4891,zul
4892,eng
4893,nbl
4894,ssw
4895,nbl
4896,afr
4897,nbl
4898,xho
4899,nso
4900,tso
4901,eng
4902,xho
4903,xho
4904,afr
4905,nbl
4906,ssw
4907,xho
4908,sot
4909,nbl
4910,nbl
4911,sot
4912,sot
4913,xho
4914,nso
4915,ssw
4916,nbl
4917,xho
4918,nso
4919,nbl
4920,nso
4921,ssw
4922,nbl
4923,tso
4924,tso
4925,afr
4926,afr
4927,ven
4928,xho
4929,xho
4930,ssw
4931,nbl
4932,zul
4933,ssw
4934,nbl
4935,nbl
4936,eng
4937,ssw
4938,nbl
4939,ssw
4940,nso
4941,ven
4942,nso
4943,ssw
4944,eng
4945,xho
4946,nbl
4947,nbl
4948,ssw
4949,afr
4950,xho
4951,eng
4952,afr
4953,nso
4954,ssw
4955,nbl
4956,tso
4957,nso
4958,nbl
4959,nbl
4960,eng
4961,nso
4962,xho
4963,nso
4964,afr
4965,sot
4966,ssw
4967,nbl
4968,zul
4969,sot
4970,nso
4971,nso
4972,nso
4973,ssw
4974,eng
4975,afr
4976,nbl
4977,tso
4978,ssw
4979,nbl
4980,zul
4981,nbl
4982,ssw
4983,tso
4984,ssw
4985,xho
4986,nbl
4987,ssw
4988,nbl
4989,ven
4990,afr
4991,nso
4992,nbl
4993,xho
4994,nbl
4995,nbl
4996,xho
4997,nbl
4998,nbl
4999,afr
5000,eng
5001,nbl
5002,ven
5003,nbl
5004,sot
5005,xho
5006,sot
5007,ssw
5008,xho
5009,nbl
5010,xho
5011,xho
5012,sot
5013,ven
5014,nso
5015,ssw
5016,sot
5017,nbl
5018,ssw
5019,xho
5020,nso
5021,xho
5022,zul
5023,xho
5024,zul
5025,nbl
5026,nbl
5027,tsn
5028,eng
5029,xho
5030,sot
5031,ven
5032,sot
5033,nbl
5034,afr
5035,zul
5036,zul
5037,xho
5038,eng
5039,nbl
5040,ssw
5041,ssw
5042,afr
5043,sot
5044,xho
5045,nso
5046,ssw
5047,xho
5048,xho
5049,xho
5050,sot
5051,nbl
5052,sot
5053,sot
5054,tso
5055,nbl
5056,zul
5057,afr
5058,nbl
5059,zul
5060,zul
5061,sot
5062,zul
5063,nbl
5064,zul
5065,ssw
5066,ven
5067,sot
5068,ssw
5069,tsn
5070,nso
5071,afr
5072,nbl
5073,ven
5074,ssw
5075,nso
5076,afr
5077,eng
5078,afr
5079,ven
5080,zul
5081,zul
5082,nbl
5083,ssw
5084,ven
5085,tso
5086,nbl
5087,sot
5088,xho
5089,nbl
5090,nbl
5091,nbl
5092,afr
5093,ssw
5094,sot
5095,afr
5096,eng
5097,xho
5098,xho
5099,afr
5100,nbl
5101,xho
5102,nbl
5103,ssw
5104,nbl
5105,xho
5106,nbl
5107,tsn
5108,xho
5109,xho
5110,nbl
5111,nbl
5112,nso
5113,sot
5114,afr
5115,nbl
5116,sot
5117,nbl
5118,nso
5119,afr
5120,sot
5121,nbl
5122,xho
5123,sot
5124,tsn
5125,afr
5126,afr
5127,zul
5128,ssw
5129,nbl
5130,nbl
5131,ssw
5132,nbl
5133,ssw
5134,ssw
5135,nbl
5136,zul
5137,xho
5138,nbl
5139,xho
5140,tso
5141,zul
5142,xho
5143,eng
5144,nbl
5145,tso
5146,nbl
5147,nso
5148,nbl
5149,xho
5150,xho
5151,nbl
5152,ssw
5153,nso
5154,zul
5155,zul
5156,nbl
5157,sot
5158,ssw
5159,eng
5160,ssw
5161,nso
5162,ssw
5163,sot
5164,ssw
5165,xho
5166,nso
5167,ssw
5168,zul
5169,nso
5170,nbl
5171,nso
5172,nbl
5173,nbl
5174,zul
5175,nbl
5176,tso
5177,sot
5178,ssw
5179,ssw
5180,nbl
5181,tso
5182,afr
5183,afr
5184,sot
5185,sot
5186,nbl
5187,sot
5188,nbl
5189,zul
5190,nbl
5191,zul
5192,nbl
5193,xho
5194,xho
5195,nbl
5196,ven
5197,nbl
5198,ssw
5199,sot
5200,nbl
5201,nbl
5202,nso
5203,nbl
5204,afr
5205,afr
5206,afr
5207,nbl
5208,nbl
5209,tso
5210,ven
5211,nbl
5212,tso
5213,nbl
5214,nbl
5215,nso
5216,ssw
5217,afr
5218,xho
5219,ven
5220,nbl
5221,xho
5222,nbl
5223,zul
5224,tso
5225,nbl
5226,afr
5227,nso
5228,nso
5229,nbl
5230,afr
5231,tso
5232,sot
5233,sot
5234,tso
5235,nso
5236,ssw
5237,xho
5238,ssw
5239,tsn
5240,xho
5241,nbl
5242,ven
5243,ssw
5244,ssw
5245,nbl
5246,nso
5247,xho
5248,nso
5249,nbl
5250,ssw
5251,nbl
5252,nbl
5253,nbl
5254,xho
5255,xho
5256,nbl
5257,sot
5258,ssw
5259,zul
5260,nso
5261,afr
5262,xho
5263,nbl
5264,tso
5265,nso
5266,nbl
5267,ssw
5268,ven
5269,zul
5270,ssw
5271,sot
5272,eng
5273,nbl
5274,xho
5275,ssw
5276,xho
5277,afr
5278,ven
5279,sot
5280,xho
5281,xho
5282,nbl
5283,nbl
5284,nso
5285,nbl
5286,sot
5287,xho
5288,nbl
5289,tso
5290,nbl
5291,xho
5292,sot
5293,xho
5294,ven
5295,nbl
5296,xho
5297,tso
5298,nso
5299,afr
5300,xho
5301,xho
5302,ssw
5303,ssw
5304,xho
5305,xho
5306,xho
5307,afr
5308,nso
5309,nso
5310,sot
5311,nbl
5312,nbl
5313,xho
5314,nbl
5315,zul
5316,nbl
5317,xho
5318,sot
5319,sot
5320,ssw
5321,xho
5322,eng
5323,nbl
5324,xho
5325,ven
5326,ssw
5327,afr
5328,nbl
5329,nbl
5330,xho
5331,nbl
5332,ssw
5333,xho
5334,nbl
5335,sot
5336,nso
5337,afr
5338,nbl
5339,zul
5340,xho
5341,nbl
5342,xho
5343,ssw
5344,sot
5345,zul
5346,xho
5347,ssw
5348,xho
5349,ven
5350,nbl
5351,xho
5352,sot
5353,sot
5354,ssw
5355,nso
5356,zul
5357,nbl
5358,zul
5359,nbl
5360,xho
5361,nso
5362,nbl
5363,xho
5364,nso
5365,nbl
5366,sot
5367,zul
5368,ven
5369,nso
5370,afr
5371,nbl
5372,nbl
5373,nbl
5374,ven
5375,ssw
5376,tsn
5377,ssw
5378,tso
5379,eng
5380,xho
5381,zul
5382,ssw
5383,xho
5384,ven
5385,nbl
5386,nbl
5387,xho
5388,ssw
5389,ssw
5390,ssw
5391,tso
5392,sot
5393,sot
5394,nbl
5395,sot
5396,nbl
5397,ssw
5398,nbl
5399,ssw
5400,sot
5401,xho
5402,sot
5403,nso
5404,nbl
5405,ssw
5406,nbl
5407,ssw
5408,xho
5409,ssw
5410,xho
5411,nbl
5412,xho
5413,ven
5414,xho
5415,ven
5416,xho
5417,nbl
5418,xho
5419,afr
5420,nbl
5421,nso
5422,nbl
5423,zul
5424,xho
5425,sot
5426,afr
5427,nbl
5428,nbl
5429,nbl
5430,nso
5431,xho
5432,nbl
5433,ssw
5434,zul
5435,afr
5436,nbl
5437,eng
5438,xho
5439,xho
5440,zul
5441,sot
5442,ven
5443,ssw
5444,xho
5445,sot
5446,ssw
5447,nbl
5448,sot
5449,nbl
5450,nbl
5451,nbl
5452,ssw
5453,zul
5454,tsn
5455,nbl
5456,afr
5457,ssw
5458,ven
5459,nbl
5460,nbl
5461,ssw
5462,ven
5463,nso
5464,nbl
5465,tso
5466,ssw
5467,nso
5468,ssw
5469,ven
5470,sot
5471,xho
5472,ven
5473,ssw
5474,nso
5475,nbl
5476,zul
5477,xho
5478,xho
5479,tso
5480,tsn
5481,nbl
5482,nbl
5483,sot
5484,xho
5485,xho
5486,zul
5487,nbl
5488,tso
5489,zul
5490,nbl
5491,nbl
5492,sot
5493,nbl
5494,nbl
5495,nso
5496,ven
5497,nbl
5498,xho
5499,tso
5500,nbl
5501,sot
5502,sot
5503,tsn
5504,eng
5505,xho
5506,xho
5507,nbl
5508,nso
5509,afr
5510,sot
5511,nbl
5512,eng
5513,nbl
5514,nbl
5515,zul
5516,ssw
5517,tsn
5518,ssw
5519,xho
5520,ven
5521,ssw
5522,zul
5523,ssw
5524,nbl
5525,nbl
5526,ven
5527,nso
5528,zul
5529,sot
5530,xho
5531,sot
5532,nbl
5533,nbl
5534,xho
5535,xho
5536,zul
5537,zul
5538,sot
5539,tso
5540,nbl
5541,ven
5542,afr
5543,xho
5544,nbl
5545,nbl
5546,ven
5547,sot
5548,nbl
5549,nbl
5550,afr
5551,nso
5552,nbl
5553,ssw
5554,ssw
5555,ven
5556,ssw
5557,tsn
5558,sot
5559,nbl
5560,sot
5561,nbl
5562,nbl
5563,xho
5564,ssw
5565,afr
5566,nso
5567,nso
5568,tso
5569,xho
5570,nbl
5571,tso
5572,ven
5573,ven
5574,sot
5575,zul
5576,xho
5577,tso
5578,nbl
5579,ven
5580,sot
5581,zul
5582,nbl
5583,ssw
5584,xho
5585,ssw
5586,sot
5587,nbl
5588,nbl
5589,nbl
5590,tso
5591,nbl
5592,nso
5593,nbl
5594,nbl
5595,nbl
5596,afr
5597,zul
5598,nbl
5599,nso
5600,nbl
5601,xho
5602,nbl
5603,tso
5604,sot
5605,ven
5606,zul
5607,zul
5608,sot
5609,xho
5610,nso
5611,afr
5612,xho
5613,afr
5614,nso
5615,zul
5616,nbl
5617,nbl
5618,tso
5619,ven
5620,afr
5621,zul
5622,ssw
5623,zul
5624,nbl
5625,nbl
5626,xho
5627,nbl
5628,nbl
5629,afr
5630,ssw
5631,sot
5632,ssw
5633,nso
5634,nbl
5635,tso
5636,nbl
5637,ssw
5638,ssw
5639,zul
5640,nbl
5641,nbl
5642,nso
5643,xho
5644,nbl
5645,zul
5646,tso
5647,tsn
5648,xho
5649,nso
5650,ssw
5651,nbl
5652,nbl
5653,nbl
5654,sot
5655,nbl
5656,nbl
5657,xho
5658,nbl
5659,nbl
5660,nbl
5661,nbl
5662,nbl
5663,xho
5664,afr
5665,ven
5666,afr
5667,ssw
5668,xho
5669,nbl
5670,nbl
5671,eng
5672,sot
5673,afr
5674,ven
5675,nbl
5676,ven
5677,nso
5678,nbl
5679,nso
5680,sot
5681,sot
5682,xho
